id,name,dexNumber,sprite,animatedSprite,isMega,isGenderDimorphic,createdAt,updatedAt
1,Bulbasaur,1,,,,,3/7/2021 0:43:28,3/7/2021 0:43:28
2,Ivysaur,2,,,,,3/7/2021 0:43:28,3/7/2021 0:43:28
3,Venusaur,3,,,,,3/7/2021 0:43:28,3/7/2021 0:43:28
4,Mega Venusaur,3,,,TRUE,,3/7/2021 0:43:28,3/7/2021 0:43:28
5,Charmander,4,,,,,3/7/2021 0:43:28,3/7/2021 0:43:28
6,Charmeleon,5,,,,,3/7/2021 0:43:28,3/7/2021 0:43:28
7,Charizard,6,,,,,3/7/2021 0:43:28,3/7/2021 0:43:28
8,Mega Charizard X,6,,http://play.pokemonshowdown.com/sprites/ani/charizard-megax.gif,TRUE,,3/7/2021 0:43:28,3/7/2021 0:43:28
9,Mega Charizard Y,6,,http://play.pokemonshowdown.com/sprites/ani/charizard-megay.gif,TRUE,,3/7/2021 0:43:28,3/7/2021 0:43:28
10,Squirtle,7,,,,,3/7/2021 0:43:28,3/7/2021 0:43:28
11,Wartortle,8,,,,,3/7/2021 0:43:28,3/7/2021 0:43:28
12,Blastoise,9,,,,,3/7/2021 0:43:28,3/7/2021 0:43:28
13,Mega Blastoise,9,,,TRUE,,3/7/2021 0:43:28,3/7/2021 0:43:28
14,Caterpie,10,,,,,3/7/2021 0:43:28,3/7/2021 0:43:28
15,Metapod,11,,,,,3/7/2021 0:43:28,3/7/2021 0:43:28
16,Butterfree,12,,,,,3/7/2021 0:43:28,3/7/2021 0:43:28
17,Weedle,13,,,,,3/7/2021 0:43:28,3/7/2021 0:43:28
18,Kakuna,14,,,,,3/7/2021 0:43:28,3/7/2021 0:43:28
19,Beedrill,15,,,,,3/7/2021 0:43:28,3/7/2021 0:43:28
20,Mega Beedrill,15,,,TRUE,,3/7/2021 0:43:28,3/7/2021 0:43:28
21,Pidgey,16,,,,,3/7/2021 0:43:28,3/7/2021 0:43:28
22,Pidgeotto,17,,,,,3/7/2021 0:43:28,3/7/2021 0:43:28
23,Pidgeot,18,,,,,3/7/2021 0:43:28,3/7/2021 0:43:28
24,Mega Pidgeot,18,,,TRUE,,3/7/2021 0:43:28,3/7/2021 0:43:28
25,Rattata,19,,,,TRUE,3/7/2021 0:43:28,3/7/2021 0:43:28
26,Raticate,20,,,,TRUE,3/7/2021 0:43:28,3/7/2021 0:43:28
27,Spearow,21,,,,,3/7/2021 0:43:28,3/7/2021 0:43:28
28,Fearow,22,,,,,3/7/2021 0:43:28,3/7/2021 0:43:28
29,Ekans,23,,,,,3/7/2021 0:43:28,3/7/2021 0:43:28
30,Arbok,24,,,,,3/7/2021 0:43:28,3/7/2021 0:43:28
31,Pikachu,25,,,,TRUE,3/7/2021 0:43:28,3/7/2021 0:43:28
32,Raichu,26,,,,,3/7/2021 0:43:28,3/7/2021 0:43:28
33,Sandshrew,27,,,,,3/7/2021 0:43:28,3/7/2021 0:43:28
34,Sandslash,28,,,,,3/7/2021 0:43:28,3/7/2021 0:43:28
35,Nidoran ♀,29,,http://play.pokemonshowdown.com/sprites/ani/nidoran-f.gif,,,3/7/2021 0:43:28,3/7/2021 0:43:28
36,Nidorina,30,,,,,3/7/2021 0:43:28,3/7/2021 0:43:28
37,Nidoqueen,31,,,,,3/7/2021 0:43:28,3/7/2021 0:43:28
38,Nidoran ♂,32,,http://play.pokemonshowdown.com/sprites/ani/nidoran.gif,,,3/7/2021 0:43:28,3/7/2021 0:43:28
39,Nidorino,33,,,,,3/7/2021 0:43:28,3/7/2021 0:43:28
40,Nidoking,34,,,,,3/7/2021 0:43:28,3/7/2021 0:43:28
41,Clefairy,35,,,,,3/7/2021 0:43:28,3/7/2021 0:43:28
42,Clefable,36,,,,,3/7/2021 0:43:28,3/7/2021 0:43:28
43,Vulpix,37,,,,,3/7/2021 0:43:28,3/7/2021 0:43:28
44,Ninetales,38,,,,,3/7/2021 0:43:28,3/7/2021 0:43:28
45,Jigglypuff,39,,,,,3/7/2021 0:43:28,3/7/2021 0:43:28
46,Wigglytuff,40,,,,,3/7/2021 0:43:28,3/7/2021 0:43:28
47,Zubat,41,,,,TRUE,3/7/2021 0:43:28,3/7/2021 0:43:28
48,Golbat,42,,,,TRUE,3/7/2021 0:43:28,3/7/2021 0:43:28
49,Oddish,43,,,,,3/7/2021 0:43:28,3/7/2021 0:43:28
50,Gloom,44,,,,,3/7/2021 0:43:28,3/7/2021 0:43:28
51,Vileplume,45,,,,,3/7/2021 0:43:28,3/7/2021 0:43:28
52,Paras,46,,,,,3/7/2021 0:43:28,3/7/2021 0:43:28
53,Parasect,47,,,,,3/7/2021 0:43:28,3/7/2021 0:43:28
54,Venonat,48,,,,,3/7/2021 0:43:28,3/7/2021 0:43:28
55,Venomoth,49,,,,,3/7/2021 0:43:28,3/7/2021 0:43:28
56,Diglett,50,,,,,3/7/2021 0:43:28,3/7/2021 0:43:28
57,Dugtrio,51,,,,,3/7/2021 0:43:28,3/7/2021 0:43:28
58,Meowth,52,,,,,3/7/2021 0:43:28,3/7/2021 0:43:28
59,Persian,53,,,,,3/7/2021 0:43:28,3/7/2021 0:43:28
60,Psyduck,54,,,,,3/7/2021 0:43:28,3/7/2021 0:43:28
61,Golduck,55,,,,,3/7/2021 0:43:28,3/7/2021 0:43:28
62,Mankey,56,,,,,3/7/2021 0:43:28,3/7/2021 0:43:28
63,Primeape,57,,,,,3/7/2021 0:43:28,3/7/2021 0:43:28
64,Growlithe,58,,,,,3/7/2021 0:43:28,3/7/2021 0:43:28
65,Arcanine,59,,,,,3/7/2021 0:43:28,3/7/2021 0:43:28
66,Poliwag,60,,,,,3/7/2021 0:43:28,3/7/2021 0:43:28
67,Poliwhirl,61,,,,,3/7/2021 0:43:28,3/7/2021 0:43:28
68,Poliwrath,62,,,,,3/7/2021 0:43:28,3/7/2021 0:43:28
69,Abra,63,,,,,3/7/2021 0:43:28,3/7/2021 0:43:28
70,Kadabra,64,,,,,3/7/2021 0:43:28,3/7/2021 0:43:28
71,Alakazam,65,,,,,3/7/2021 0:43:28,3/7/2021 0:43:28
72,Mega Alakazam,65,,,TRUE,,3/7/2021 0:43:28,3/7/2021 0:43:28
73,Machop,66,,,,,3/7/2021 0:43:28,3/7/2021 0:43:28
74,Machoke,67,,,,,3/7/2021 0:43:28,3/7/2021 0:43:28
75,Machamp,68,,,,,3/7/2021 0:43:28,3/7/2021 0:43:28
76,Bellsprout,69,,,,,3/7/2021 0:43:28,3/7/2021 0:43:28
77,Weepinbell,70,,,,,3/7/2021 0:43:28,3/7/2021 0:43:28
78,Victreebel,71,,,,,3/7/2021 0:43:28,3/7/2021 0:43:28
79,Tentacool,72,,,,,3/7/2021 0:43:28,3/7/2021 0:43:28
80,Tentacruel,73,,,,,3/7/2021 0:43:28,3/7/2021 0:43:28
81,Geodude,74,,,,,3/7/2021 0:43:28,3/7/2021 0:43:28
82,Graveler,75,,,,,3/7/2021 0:43:28,3/7/2021 0:43:28
83,Golem,76,,,,,3/7/2021 0:43:28,3/7/2021 0:43:28
84,Ponyta,77,,,,,3/7/2021 0:43:28,3/7/2021 0:43:28
85,Rapidash,78,,,,,3/7/2021 0:43:28,3/7/2021 0:43:28
86,Slowpoke,79,,,,,3/7/2021 0:43:28,3/7/2021 0:43:28
87,Slowbro,80,,,,,3/7/2021 0:43:28,3/7/2021 0:43:28
88,Mega Slowbro,80,,,TRUE,,3/7/2021 0:43:28,3/7/2021 0:43:28
89,Magnemite,81,,,,,3/7/2021 0:43:28,3/7/2021 0:43:28
90,Magneton,82,,,,,3/7/2021 0:43:28,3/7/2021 0:43:28
91,Farfetch'd,83,,http://play.pokemonshowdown.com/sprites/ani/farfetchd.gif,,,3/7/2021 0:43:28,3/7/2021 0:43:28
92,Doduo,84,,,,,3/7/2021 0:43:28,3/7/2021 0:43:28
93,Dodrio,85,,,,,3/7/2021 0:43:28,3/7/2021 0:43:28
94,Seel,86,,,,,3/7/2021 0:43:28,3/7/2021 0:43:28
95,Dewgong,87,,,,,3/7/2021 0:43:28,3/7/2021 0:43:28
96,Grimer,88,,,,,3/7/2021 0:43:28,3/7/2021 0:43:28
97,Muk,89,,,,,3/7/2021 0:43:28,3/7/2021 0:43:28
98,Shellder,90,,,,,3/7/2021 0:43:28,3/7/2021 0:43:28
99,Cloyster,91,,,,,3/7/2021 0:43:28,3/7/2021 0:43:28
100,Gastly,92,,,,,3/7/2021 0:43:28,3/7/2021 0:43:28
101,Haunter,93,,,,,3/7/2021 0:43:28,3/7/2021 0:43:28
102,Gengar,94,,,,,3/7/2021 0:43:28,3/7/2021 0:43:28
103,Mega Gengar,94,,,TRUE,,3/7/2021 0:43:28,3/7/2021 0:43:28
104,Onix,95,,,,,3/7/2021 0:43:28,3/7/2021 0:43:28
105,Drowzee,96,,,,,3/7/2021 0:43:28,3/7/2021 0:43:28
106,Hypno,97,,,,,3/7/2021 0:43:28,3/7/2021 0:43:28
107,Krabby,98,,,,,3/7/2021 0:43:28,3/7/2021 0:43:28
108,Kingler,99,,,,,3/7/2021 0:43:28,3/7/2021 0:43:28
109,Voltorb,100,,,,,3/7/2021 0:43:28,3/7/2021 0:43:28
110,Electrode,101,,,,,3/7/2021 0:43:28,3/7/2021 0:43:28
111,Exeggcute,102,,,,,3/7/2021 0:43:28,3/7/2021 0:43:28
112,Exeggutor,103,,,,,3/7/2021 0:43:28,3/7/2021 0:43:28
113,Cubone,104,,,,,3/7/2021 0:43:28,3/7/2021 0:43:28
114,Marowak,105,,,,,3/7/2021 0:43:28,3/7/2021 0:43:28
115,Hitmonlee,106,,,,,3/7/2021 0:43:28,3/7/2021 0:43:28
116,Hitmonchan,107,,,,,3/7/2021 0:43:28,3/7/2021 0:43:28
117,Lickitung,108,,,,,3/7/2021 0:43:28,3/7/2021 0:43:28
118,Koffing,109,,,,,3/7/2021 0:43:28,3/7/2021 0:43:28
119,Weezing,110,,,,,3/7/2021 0:43:28,3/7/2021 0:43:28
120,Rhyhorn,111,,,,,3/7/2021 0:43:28,3/7/2021 0:43:28
121,Rhydon,112,,,,TRUE,3/7/2021 0:43:28,3/7/2021 0:43:28
122,Chansey,113,,,,,3/7/2021 0:43:28,3/7/2021 0:43:28
123,Tangela,114,,,,,3/7/2021 0:43:28,3/7/2021 0:43:28
124,Kangaskhan,115,,,,,3/7/2021 0:43:28,3/7/2021 0:43:28
125,Mega Kangaskhan,115,,,TRUE,,3/7/2021 0:43:28,3/7/2021 0:43:28
126,Horsea,116,,,,,3/7/2021 0:43:28,3/7/2021 0:43:28
127,Seadra,117,,,,,3/7/2021 0:43:28,3/7/2021 0:43:28
128,Goldeen,118,,,,,3/7/2021 0:43:28,3/7/2021 0:43:28
129,Seaking,119,,,,,3/7/2021 0:43:28,3/7/2021 0:43:28
130,Staryu,120,,,,,3/7/2021 0:43:28,3/7/2021 0:43:28
131,Starmie,121,,,,,3/7/2021 0:43:28,3/7/2021 0:43:28
132,Mr. Mime,122,,http://play.pokemonshowdown.com/sprites/ani/mrrime.gif,,,3/7/2021 0:43:28,3/7/2021 0:43:28
133,Scyther,123,,,,TRUE,3/7/2021 0:43:28,3/7/2021 0:43:28
134,Jynx,124,,,,,3/7/2021 0:43:28,3/7/2021 0:43:28
135,Electabuzz,125,,,,,3/7/2021 0:43:28,3/7/2021 0:43:28
136,Magmar,126,,,,,3/7/2021 0:43:28,3/7/2021 0:43:28
137,Pinsir,127,,,,,3/7/2021 0:43:28,3/7/2021 0:43:28
138,Mega Pinsir,127,,,TRUE,,3/7/2021 0:43:28,3/7/2021 0:43:28
139,Tauros,128,,,,,3/7/2021 0:43:28,3/7/2021 0:43:28
140,Magikarp,129,,,,TRUE,3/7/2021 0:43:28,3/7/2021 0:43:28
141,Gyarados,130,,,,,3/7/2021 0:43:28,3/7/2021 0:43:28
142,Mega Gyarados,130,,,TRUE,,3/7/2021 0:43:28,3/7/2021 0:43:28
143,Lapras,131,,,,,3/7/2021 0:43:28,3/7/2021 0:43:28
144,Ditto,132,,,,,3/7/2021 0:43:28,3/7/2021 0:43:28
145,Eevee,133,,,,,3/7/2021 0:43:28,3/7/2021 0:43:28
146,Vaporeon,134,,,,,3/7/2021 0:43:28,3/7/2021 0:43:28
147,Jolteon,135,,,,,3/7/2021 0:43:28,3/7/2021 0:43:28
148,Flareon,136,,,,,3/7/2021 0:43:28,3/7/2021 0:43:28
149,Porygon,137,,,,,3/7/2021 0:43:28,3/7/2021 0:43:28
150,Omanyte,138,,,,,3/7/2021 0:43:28,3/7/2021 0:43:28
151,Omastar,139,,,,,3/7/2021 0:43:28,3/7/2021 0:43:28
152,Kabuto,140,,,,,3/7/2021 0:43:28,3/7/2021 0:43:28
153,Kabutops,141,,,,,3/7/2021 0:43:28,3/7/2021 0:43:28
154,Aerodactyl,142,,,,,3/7/2021 0:43:28,3/7/2021 0:43:28
155,Mega Aerodactyl,142,,,TRUE,,3/7/2021 0:43:28,3/7/2021 0:43:28
156,Snorlax,143,,,,,3/7/2021 0:43:28,3/7/2021 0:43:28
157,Articuno,144,,,,,3/7/2021 0:43:28,3/7/2021 0:43:28
158,Zapdos,145,,,,,3/7/2021 0:43:28,3/7/2021 0:43:28
159,Moltres,146,,,,,3/7/2021 0:43:28,3/7/2021 0:43:28
160,Dratini,147,,,,,3/7/2021 0:43:28,3/7/2021 0:43:28
161,Dragonair,148,,,,,3/7/2021 0:43:28,3/7/2021 0:43:28
162,Dragonite,149,,,,,3/7/2021 0:43:28,3/7/2021 0:43:28
163,Mewtwo,150,,,,,3/7/2021 0:43:28,3/7/2021 0:43:28
164,Mega Mewtwo X,150,,http://play.pokemonshowdown.com/sprites/ani/mewtwo-megax.gif,TRUE,,3/7/2021 0:43:28,3/7/2021 0:43:28
165,Mega Mewtwo Y,150,,http://play.pokemonshowdown.com/sprites/ani/mewtwo-megay.gif,TRUE,,3/7/2021 0:43:28,3/7/2021 0:43:28
166,Mew,151,,,,,3/7/2021 0:43:28,3/7/2021 0:43:28
167,Chikorita,152,,,,,3/7/2021 0:43:28,3/7/2021 0:43:28
168,Bayleef,153,,,,,3/7/2021 0:43:28,3/7/2021 0:43:28
169,Meganium,154,,,,TRUE,3/7/2021 0:43:28,3/7/2021 0:43:28
170,Cyndaquil,155,,,,,3/7/2021 0:43:28,3/7/2021 0:43:28
171,Quilava,156,,,,,3/7/2021 0:43:28,3/7/2021 0:43:28
172,Typhlosion,157,,,,,3/7/2021 0:43:28,3/7/2021 0:43:28
173,Totodile,158,,,,,3/7/2021 0:43:28,3/7/2021 0:43:28
174,Croconaw,159,,,,,3/7/2021 0:43:28,3/7/2021 0:43:28
175,Feraligatr,160,,,,,3/7/2021 0:43:28,3/7/2021 0:43:28
176,Sentret,161,,,,,3/7/2021 0:43:28,3/7/2021 0:43:28
177,Furret,162,,,,,3/7/2021 0:43:28,3/7/2021 0:43:28
178,Hoothoot,163,,,,,3/7/2021 0:43:28,3/7/2021 0:43:28
179,Noctowl,164,,,,,3/7/2021 0:43:28,3/7/2021 0:43:28
180,Ledyba,165,,,,TRUE,3/7/2021 0:43:28,3/7/2021 0:43:28
181,Ledian,166,,,,TRUE,3/7/2021 0:43:28,3/7/2021 0:43:28
182,Spinarak,167,,,,,3/7/2021 0:43:28,3/7/2021 0:43:28
183,Ariados,168,,,,,3/7/2021 0:43:28,3/7/2021 0:43:28
184,Crobat,169,,,,,3/7/2021 0:43:28,3/7/2021 0:43:28
185,Chinchou,170,,,,,3/7/2021 0:43:28,3/7/2021 0:43:28
186,Lanturn,171,,,,,3/7/2021 0:43:28,3/7/2021 0:43:28
187,Pichu,172,,,,,3/7/2021 0:43:28,3/7/2021 0:43:28
188,Cleffa,173,,,,,3/7/2021 0:43:28,3/7/2021 0:43:28
189,Igglybuff,174,,,,,3/7/2021 0:43:28,3/7/2021 0:43:28
190,Togepi,175,,,,,3/7/2021 0:43:28,3/7/2021 0:43:28
191,Togetic,176,,,,,3/7/2021 0:43:28,3/7/2021 0:43:28
192,Natu,177,,,,,3/7/2021 0:43:28,3/7/2021 0:43:28
193,Xatu,178,,,,TRUE,3/7/2021 0:43:28,3/7/2021 0:43:28
194,Mareep,179,,,,,3/7/2021 0:43:28,3/7/2021 0:43:28
195,Flaaffy,180,,,,,3/7/2021 0:43:28,3/7/2021 0:43:28
196,Ampharos,181,,,,,3/7/2021 0:43:28,3/7/2021 0:43:28
197,Mega Ampharos,181,,,TRUE,,3/7/2021 0:43:28,3/7/2021 0:43:28
198,Bellossom,182,,,,,3/7/2021 0:43:28,3/7/2021 0:43:28
199,Marill,183,,,,,3/7/2021 0:43:28,3/7/2021 0:43:28
200,Azumarill,184,,,,,3/7/2021 0:43:28,3/7/2021 0:43:28
201,Sudowoodo,185,,,,TRUE,3/7/2021 0:43:28,3/7/2021 0:43:28
202,Politoed,186,,,,TRUE,3/7/2021 0:43:28,3/7/2021 0:43:28
203,Hoppip,187,,,,,3/7/2021 0:43:28,3/7/2021 0:43:28
204,Skiploom,188,,,,,3/7/2021 0:43:28,3/7/2021 0:43:28
205,Jumpluff,189,,,,,3/7/2021 0:43:28,3/7/2021 0:43:28
206,Aipom,190,,,,TRUE,3/7/2021 0:43:28,3/7/2021 0:43:28
207,Sunkern,191,,,,,3/7/2021 0:43:28,3/7/2021 0:43:28
208,Sunflora,192,,,,,3/7/2021 0:43:28,3/7/2021 0:43:28
209,Yanma,193,,,,,3/7/2021 0:43:28,3/7/2021 0:43:28
210,Wooper,194,,,,TRUE,3/7/2021 0:43:28,3/7/2021 0:43:28
211,Quagsire,195,,,,TRUE,3/7/2021 0:43:28,3/7/2021 0:43:28
212,Espeon,196,,,,,3/7/2021 0:43:28,3/7/2021 0:43:28
213,Umbreon,197,,,,,3/7/2021 0:43:28,3/7/2021 0:43:28
214,Murkrow,198,,,,TRUE,3/7/2021 0:43:28,3/7/2021 0:43:28
215,Slowking,199,,,,,3/7/2021 0:43:28,3/7/2021 0:43:28
216,Misdreavus,200,,,,,3/7/2021 0:43:28,3/7/2021 0:43:28
217,Unown,201,,,,,3/7/2021 0:43:28,3/7/2021 0:43:28
218,Wobbuffet,202,,,,TRUE,3/7/2021 0:43:28,3/7/2021 0:43:28
219,Girafarig,203,,,,TRUE,3/7/2021 0:43:28,3/7/2021 0:43:28
220,Pineco,204,,,,,3/7/2021 0:43:28,3/7/2021 0:43:28
221,Forretress,205,,,,,3/7/2021 0:43:28,3/7/2021 0:43:28
222,Dunsparce,206,,,,,3/7/2021 0:43:28,3/7/2021 0:43:28
223,Gligar,207,,,,TRUE,3/7/2021 0:43:28,3/7/2021 0:43:28
224,Steelix,208,,,,TRUE,3/7/2021 0:43:28,3/7/2021 0:43:28
225,Mega Steelix,208,,,TRUE,,3/7/2021 0:43:28,3/7/2021 0:43:28
226,Snubbull,209,,,,,3/7/2021 0:43:28,3/7/2021 0:43:28
227,Granbull,210,,,,,3/7/2021 0:43:28,3/7/2021 0:43:28
228,Qwilfish,211,,,,,3/7/2021 0:43:28,3/7/2021 0:43:28
229,Scizor,212,,,,TRUE,3/7/2021 0:43:28,3/7/2021 0:43:28
230,Mega Scizor,212,,,TRUE,,3/7/2021 0:43:28,3/7/2021 0:43:28
231,Shuckle,213,,,,,3/7/2021 0:43:28,3/7/2021 0:43:28
232,Heracross,214,,,,TRUE,3/7/2021 0:43:28,3/7/2021 0:43:28
233,Mega Heracross,214,,,TRUE,,3/7/2021 0:43:28,3/7/2021 0:43:28
234,Sneasel,215,,,,TRUE,3/7/2021 0:43:28,3/7/2021 0:43:28
235,Teddiursa,216,,,,,3/7/2021 0:43:28,3/7/2021 0:43:28
236,Ursaring,217,,,,TRUE,3/7/2021 0:43:28,3/7/2021 0:43:28
237,Slugma,218,,,,,3/7/2021 0:43:28,3/7/2021 0:43:28
238,Magcargo,219,,,,,3/7/2021 0:43:28,3/7/2021 0:43:28
239,Swinub,220,,,,,3/7/2021 0:43:28,3/7/2021 0:43:28
240,Piloswine,221,,,,TRUE,3/7/2021 0:43:28,3/7/2021 0:43:28
241,Corsola,222,,,,,3/7/2021 0:43:28,3/7/2021 0:43:28
242,Remoraid,223,,,,,3/7/2021 0:43:28,3/7/2021 0:43:28
243,Octillery,224,,,,TRUE,3/7/2021 0:43:28,3/7/2021 0:43:28
244,Delibird,225,,,,,3/7/2021 0:43:28,3/7/2021 0:43:28
245,Mantine,226,,,,,3/7/2021 0:43:28,3/7/2021 0:43:28
246,Skarmory,227,,,,,3/7/2021 0:43:28,3/7/2021 0:43:28
247,Houndour,228,,,,TRUE,3/7/2021 0:43:28,3/7/2021 0:43:28
248,Houndoom,229,,,,,3/7/2021 0:43:28,3/7/2021 0:43:28
249,Mega Houndoom,229,,,TRUE,,3/7/2021 0:43:28,3/7/2021 0:43:28
250,Kingdra,230,,,,,3/7/2021 0:43:28,3/7/2021 0:43:28
251,Phanpy,231,,,,,3/7/2021 0:43:28,3/7/2021 0:43:28
252,Donphan,232,,,,TRUE,3/7/2021 0:43:28,3/7/2021 0:43:28
253,Porygon2,233,,,,,3/7/2021 0:43:28,3/7/2021 0:43:28
254,Stantler,234,,,,,3/7/2021 0:43:28,3/7/2021 0:43:28
255,Smeargle,235,,,,,3/7/2021 0:43:28,3/7/2021 0:43:28
256,Tyrogue,236,,,,,3/7/2021 0:43:28,3/7/2021 0:43:28
257,Hitmontop,237,,,,,3/7/2021 0:43:28,3/7/2021 0:43:28
258,Smoochum,238,,,,,3/7/2021 0:43:28,3/7/2021 0:43:28
259,Elekid,239,,,,,3/7/2021 0:43:28,3/7/2021 0:43:28
260,Magby,240,,,,,3/7/2021 0:43:28,3/7/2021 0:43:28
261,Miltank,241,,,,,3/7/2021 0:43:28,3/7/2021 0:43:28
262,Blissey,242,,,,,3/7/2021 0:43:28,3/7/2021 0:43:28
263,Raikou,243,,,,,3/7/2021 0:43:28,3/7/2021 0:43:28
264,Entei,244,,,,,3/7/2021 0:43:28,3/7/2021 0:43:28
265,Suicune,245,,,,,3/7/2021 0:43:28,3/7/2021 0:43:28
266,Larvitar,246,,,,,3/7/2021 0:43:28,3/7/2021 0:43:28
267,Pupitar,247,,,,,3/7/2021 0:43:28,3/7/2021 0:43:28
268,Tyranitar,248,,,,,3/7/2021 0:43:28,3/7/2021 0:43:28
269,Mega Tyranitar,248,,,TRUE,,3/7/2021 0:43:28,3/7/2021 0:43:28
270,Lugia,249,,,,,3/7/2021 0:43:28,3/7/2021 0:43:28
271,Ho-Oh,250,,,,,3/7/2021 0:43:28,3/7/2021 0:43:28
272,Celebi,251,,,,,3/7/2021 0:43:28,3/7/2021 0:43:28
273,Treecko,252,,,,,3/7/2021 0:43:28,3/7/2021 0:43:28
274,Grovyle,253,,,,,3/7/2021 0:43:28,3/7/2021 0:43:28
275,Sceptile,254,,,,,3/7/2021 0:43:28,3/7/2021 0:43:28
276,Mega Sceptile,254,,,TRUE,,3/7/2021 0:43:28,3/7/2021 0:43:28
277,Torchic,255,,,,TRUE,3/7/2021 0:43:28,3/7/2021 0:43:28
278,Combusken,256,,,,TRUE,3/7/2021 0:43:28,3/7/2021 0:43:28
279,Blaziken,257,,,,TRUE,3/7/2021 0:43:28,3/7/2021 0:43:28
280,Mega Blaziken,257,,,TRUE,,3/7/2021 0:43:28,3/7/2021 0:43:28
281,Mudkip,258,,,,,3/7/2021 0:43:28,3/7/2021 0:43:28
282,Marshtomp,259,,,,,3/7/2021 0:43:28,3/7/2021 0:43:28
283,Swampert,260,,,,,3/7/2021 0:43:28,3/7/2021 0:43:28
284,Mega Swampert,260,,,TRUE,,3/7/2021 0:43:28,3/7/2021 0:43:28
285,Poochyena,261,,,,,3/7/2021 0:43:28,3/7/2021 0:43:28
286,Mightyena,262,,,,,3/7/2021 0:43:28,3/7/2021 0:43:28
287,Zigzagoon,263,,,,,3/7/2021 0:43:28,3/7/2021 0:43:28
288,Linoone,264,,,,,3/7/2021 0:43:28,3/7/2021 0:43:28
289,Wurmple,265,,,,,3/7/2021 0:43:28,3/7/2021 0:43:28
290,Silcoon,266,,,,,3/7/2021 0:43:28,3/7/2021 0:43:28
291,Beautifly,267,,,,TRUE,3/7/2021 0:43:28,3/7/2021 0:43:28
292,Cascoon,268,,,,,3/7/2021 0:43:28,3/7/2021 0:43:28
293,Dustox,269,,,,TRUE,3/7/2021 0:43:28,3/7/2021 0:43:28
294,Lotad,270,,,,,3/7/2021 0:43:28,3/7/2021 0:43:28
295,Lombre,271,,,,,3/7/2021 0:43:28,3/7/2021 0:43:28
296,Ludicolo,272,,,,TRUE,3/7/2021 0:43:28,3/7/2021 0:43:28
297,Seedot,273,,,,,3/7/2021 0:43:28,3/7/2021 0:43:28
298,Nuzleaf,274,,,,TRUE,3/7/2021 0:43:28,3/7/2021 0:43:28
299,Shiftry,275,,,,TRUE,3/7/2021 0:43:28,3/7/2021 0:43:28
300,Taillow,276,,,,,3/7/2021 0:43:28,3/7/2021 0:43:28
301,Swellow,277,,,,,3/7/2021 0:43:28,3/7/2021 0:43:28
302,Wingull,278,,,,,3/7/2021 0:43:28,3/7/2021 0:43:28
303,Pelipper,279,,,,,3/7/2021 0:43:28,3/7/2021 0:43:28
304,Ralts,280,,,,,3/7/2021 0:43:28,3/7/2021 0:43:28
305,Kirlia,281,,,,,3/7/2021 0:43:28,3/7/2021 0:43:28
306,Gardevoir,282,,,,,3/7/2021 0:43:28,3/7/2021 0:43:28
307,Mega Gardevoir,282,,,TRUE,,3/7/2021 0:43:28,3/7/2021 0:43:28
308,Surskit,283,,,,,3/7/2021 0:43:28,3/7/2021 0:43:28
309,Masquerain,284,,,,,3/7/2021 0:43:28,3/7/2021 0:43:28
310,Shroomish,285,,,,,3/7/2021 0:43:28,3/7/2021 0:43:28
311,Breloom,286,,,,,3/7/2021 0:43:28,3/7/2021 0:43:28
312,Slakoth,287,,,,,3/7/2021 0:43:28,3/7/2021 0:43:28
313,Vigoroth,288,,,,,3/7/2021 0:43:28,3/7/2021 0:43:28
314,Slaking,289,,,,,3/7/2021 0:43:28,3/7/2021 0:43:28
315,Nincada,290,,,,,3/7/2021 0:43:28,3/7/2021 0:43:28
316,Ninjask,291,,,,,3/7/2021 0:43:28,3/7/2021 0:43:28
317,Shedinja,292,,,,,3/7/2021 0:43:28,3/7/2021 0:43:28
318,Whismur,293,,,,,3/7/2021 0:43:28,3/7/2021 0:43:28
319,Loudred,294,,,,,3/7/2021 0:43:28,3/7/2021 0:43:28
320,Exploud,295,,,,,3/7/2021 0:43:28,3/7/2021 0:43:28
321,Makuhita,296,,,,,3/7/2021 0:43:28,3/7/2021 0:43:28
322,Hariyama,297,,,,,3/7/2021 0:43:28,3/7/2021 0:43:28
323,Azurill,298,,,,,3/7/2021 0:43:28,3/7/2021 0:43:28
324,Nosepass,299,,,,,3/7/2021 0:43:28,3/7/2021 0:43:28
325,Skitty,300,,,,,3/7/2021 0:43:28,3/7/2021 0:43:28
326,Delcatty,301,,,,,3/7/2021 0:43:28,3/7/2021 0:43:28
327,Sableye,302,,,,,3/7/2021 0:43:28,3/7/2021 0:43:28
328,Mega Sableye,302,,,TRUE,,3/7/2021 0:43:28,3/7/2021 0:43:28
329,Mawile,303,,,,,3/7/2021 0:43:28,3/7/2021 0:43:28
330,Mega Mawile,303,,,TRUE,,3/7/2021 0:43:28,3/7/2021 0:43:28
331,Aron,304,,,,,3/7/2021 0:43:28,3/7/2021 0:43:28
332,Lairon,305,,,,,3/7/2021 0:43:28,3/7/2021 0:43:28
333,Aggron,306,,,,,3/7/2021 0:43:28,3/7/2021 0:43:28
334,Mega Aggron,306,,,TRUE,,3/7/2021 0:43:28,3/7/2021 0:43:28
335,Meditite,307,,,,TRUE,3/7/2021 0:43:28,3/7/2021 0:43:28
336,Medicham,308,,,,TRUE,3/7/2021 0:43:28,3/7/2021 0:43:28
337,Mega Medicham,308,,,TRUE,,3/7/2021 0:43:28,3/7/2021 0:43:28
338,Electrike,309,,,,,3/7/2021 0:43:28,3/7/2021 0:43:28
339,Manectric,310,,,,,3/7/2021 0:43:28,3/7/2021 0:43:28
340,Mega Manectric,310,,,TRUE,,3/7/2021 0:43:28,3/7/2021 0:43:28
341,Plusle,311,,,,,3/7/2021 0:43:28,3/7/2021 0:43:28
342,Minun,312,,,,,3/7/2021 0:43:28,3/7/2021 0:43:28
343,Volbeat,313,,,,,3/7/2021 0:43:28,3/7/2021 0:43:28
344,Illumise,314,,,,,3/7/2021 0:43:28,3/7/2021 0:43:28
345,Roselia,315,,,,TRUE,3/7/2021 0:43:28,3/7/2021 0:43:28
346,Gulpin,316,,,,TRUE,3/7/2021 0:43:28,3/7/2021 0:43:28
347,Swalot,317,,,,TRUE,3/7/2021 0:43:28,3/7/2021 0:43:28
348,Carvanha,318,,,,,3/7/2021 0:43:28,3/7/2021 0:43:28
349,Sharpedo,319,,,,,3/7/2021 0:43:28,3/7/2021 0:43:28
350,Mega Sharpedo,319,,,TRUE,,3/7/2021 0:43:28,3/7/2021 0:43:28
351,Wailmer,320,,,,,3/7/2021 0:43:28,3/7/2021 0:43:28
352,Wailord,321,,,,,3/7/2021 0:43:28,3/7/2021 0:43:28
353,Numel,322,,,,TRUE,3/7/2021 0:43:28,3/7/2021 0:43:28
354,Camerupt,323,,,,TRUE,3/7/2021 0:43:28,3/7/2021 0:43:28
355,Mega Camerupt,323,,,TRUE,,3/7/2021 0:43:28,3/7/2021 0:43:28
356,Torkoal,324,,,,,3/7/2021 0:43:28,3/7/2021 0:43:28
357,Spoink,325,,,,,3/7/2021 0:43:28,3/7/2021 0:43:28
358,Grumpig,326,,,,,3/7/2021 0:43:28,3/7/2021 0:43:28
359,Spinda,327,,,,,3/7/2021 0:43:28,3/7/2021 0:43:28
360,Trapinch,328,,,,,3/7/2021 0:43:28,3/7/2021 0:43:28
361,Vibrava,329,,,,,3/7/2021 0:43:28,3/7/2021 0:43:28
362,Flygon,330,,,,,3/7/2021 0:43:28,3/7/2021 0:43:28
363,Cacnea,331,,,,,3/7/2021 0:43:28,3/7/2021 0:43:28
364,Cacturne,332,,,,TRUE,3/7/2021 0:43:28,3/7/2021 0:43:28
365,Swablu,333,,,,,3/7/2021 0:43:28,3/7/2021 0:43:28
366,Altaria,334,,,,,3/7/2021 0:43:28,3/7/2021 0:43:28
367,Mega Altaria,334,,,TRUE,,3/7/2021 0:43:28,3/7/2021 0:43:28
368,Zangoose,335,,,,,3/7/2021 0:43:28,3/7/2021 0:43:28
369,Seviper,336,,,,,3/7/2021 0:43:28,3/7/2021 0:43:28
370,Lunatone,337,,,,,3/7/2021 0:43:28,3/7/2021 0:43:28
371,Solrock,338,,,,,3/7/2021 0:43:28,3/7/2021 0:43:28
372,Barboach,339,,,,,3/7/2021 0:43:28,3/7/2021 0:43:28
373,Whiscash,340,,,,,3/7/2021 0:43:28,3/7/2021 0:43:28
374,Corphish,341,,,,,3/7/2021 0:43:28,3/7/2021 0:43:28
375,Crawdaunt,342,,,,,3/7/2021 0:43:28,3/7/2021 0:43:28
376,Baltoy,343,,,,,3/7/2021 0:43:28,3/7/2021 0:43:28
377,Claydol,344,,,,,3/7/2021 0:43:28,3/7/2021 0:43:28
378,Lileep,345,,,,,3/7/2021 0:43:28,3/7/2021 0:43:28
379,Cradily,346,,,,,3/7/2021 0:43:28,3/7/2021 0:43:28
380,Anorith,347,,,,,3/7/2021 0:43:28,3/7/2021 0:43:28
381,Armaldo,348,,,,,3/7/2021 0:43:28,3/7/2021 0:43:28
382,Feebas,349,,,,,3/7/2021 0:43:28,3/7/2021 0:43:28
383,Milotic,350,,,,TRUE,3/7/2021 0:43:28,3/7/2021 0:43:28
384,Castform,351,,,,,3/7/2021 0:43:28,3/7/2021 0:43:28
385,Kecleon,352,,,,,3/7/2021 0:43:28,3/7/2021 0:43:28
386,Shuppet,353,,,,,3/7/2021 0:43:28,3/7/2021 0:43:28
387,Banette,354,,,,,3/7/2021 0:43:28,3/7/2021 0:43:28
388,Mega Banette,354,,,TRUE,,3/7/2021 0:43:28,3/7/2021 0:43:28
389,Duskull,355,,,,,3/7/2021 0:43:28,3/7/2021 0:43:28
390,Dusclops,356,,,,,3/7/2021 0:43:28,3/7/2021 0:43:28
391,Tropius,357,,,,,3/7/2021 0:43:28,3/7/2021 0:43:28
392,Chimecho,358,,,,,3/7/2021 0:43:28,3/7/2021 0:43:28
393,Absol,359,,,,,3/7/2021 0:43:28,3/7/2021 0:43:28
394,Mega Absol,359,,,TRUE,,3/7/2021 0:43:28,3/7/2021 0:43:28
395,Wynaut,360,,,,,3/7/2021 0:43:28,3/7/2021 0:43:28
396,Snorunt,361,,,,,3/7/2021 0:43:28,3/7/2021 0:43:28
397,Glalie,362,,,,,3/7/2021 0:43:28,3/7/2021 0:43:28
398,Mega Glalie,362,,,TRUE,,3/7/2021 0:43:28,3/7/2021 0:43:28
399,Spheal,363,,,,,3/7/2021 0:43:28,3/7/2021 0:43:28
400,Sealeo,364,,,,,3/7/2021 0:43:28,3/7/2021 0:43:28
401,Walrein,365,,,,,3/7/2021 0:43:28,3/7/2021 0:43:28
402,Clamperl,366,,,,,3/7/2021 0:43:28,3/7/2021 0:43:28
403,Huntail,367,,,,,3/7/2021 0:43:28,3/7/2021 0:43:28
404,Gorebyss,368,,,,,3/7/2021 0:43:28,3/7/2021 0:43:28
405,Relicanth,369,,,,TRUE,3/7/2021 0:43:28,3/7/2021 0:43:28
406,Luvdisc,370,,,,,3/7/2021 0:43:28,3/7/2021 0:43:28
407,Bagon,371,,,,,3/7/2021 0:43:28,3/7/2021 0:43:28
408,Shelgon,372,,,,,3/7/2021 0:43:28,3/7/2021 0:43:28
409,Salamence,373,,,,,3/7/2021 0:43:28,3/7/2021 0:43:28
410,Mega Salamence,373,,,TRUE,,3/7/2021 0:43:28,3/7/2021 0:43:28
411,Beldum,374,,,,,3/7/2021 0:43:28,3/7/2021 0:43:28
412,Metang,375,,,,,3/7/2021 0:43:28,3/7/2021 0:43:28
413,Metagross,376,,,,,3/7/2021 0:43:28,3/7/2021 0:43:28
414,Mega Metagross,376,,,TRUE,,3/7/2021 0:43:28,3/7/2021 0:43:28
415,Regirock,377,,,,,3/7/2021 0:43:28,3/7/2021 0:43:28
416,Regice,378,,,,,3/7/2021 0:43:28,3/7/2021 0:43:28
417,Registeel,379,,,,,3/7/2021 0:43:28,3/7/2021 0:43:28
418,Latias,380,,,,,3/7/2021 0:43:28,3/7/2021 0:43:28
419,Mega Latias,380,,,TRUE,,3/7/2021 0:43:28,3/7/2021 0:43:28
420,Latios,381,,,,,3/7/2021 0:43:28,3/7/2021 0:43:28
421,Mega Latios,381,,,TRUE,,3/7/2021 0:43:28,3/7/2021 0:43:28
422,Kyogre,382,,,,,3/7/2021 0:43:28,3/7/2021 0:43:28
423,Primal Kyogre,382,,http://play.pokemonshowdown.com/sprites/ani/kyogre-primal.gif,,,3/7/2021 0:43:28,3/7/2021 0:43:28
424,Groudon,383,,,,,3/7/2021 0:43:28,3/7/2021 0:43:28
425,Primal Groudon,383,,http://play.pokemonshowdown.com/sprites/ani/groudon-primal.gif,,,3/7/2021 0:43:28,3/7/2021 0:43:28
426,Rayquaza,384,,,,,3/7/2021 0:43:28,3/7/2021 0:43:28
427,Mega Rayquaza,384,,,TRUE,,3/7/2021 0:43:28,3/7/2021 0:43:28
428,Jirachi,385,,,,,3/7/2021 0:43:28,3/7/2021 0:43:28
429,Deoxys,386,,,,,3/7/2021 0:43:28,3/7/2021 0:43:28
430,Turtwig,387,,,,,3/7/2021 0:43:28,3/7/2021 0:43:28
431,Grotle,388,,,,,3/7/2021 0:43:28,3/7/2021 0:43:28
432,Torterra,389,,,,,3/7/2021 0:43:28,3/7/2021 0:43:28
433,Chimchar,390,,,,,3/7/2021 0:43:28,3/7/2021 0:43:28
434,Monferno,391,,,,,3/7/2021 0:43:28,3/7/2021 0:43:28
435,Infernape,392,,,,,3/7/2021 0:43:28,3/7/2021 0:43:28
436,Piplup,393,,,,,3/7/2021 0:43:28,3/7/2021 0:43:28
437,Prinplup,394,,,,,3/7/2021 0:43:28,3/7/2021 0:43:28
438,Empoleon,395,,,,,3/7/2021 0:43:28,3/7/2021 0:43:28
439,Starly,396,,,,TRUE,3/7/2021 0:43:28,3/7/2021 0:43:28
440,Staravia,397,,,,TRUE,3/7/2021 0:43:28,3/7/2021 0:43:28
441,Staraptor,398,,,,TRUE,3/7/2021 0:43:28,3/7/2021 0:43:28
442,Bidoof,399,,,,TRUE,3/7/2021 0:43:28,3/7/2021 0:43:28
443,Bibarel,400,,,,TRUE,3/7/2021 0:43:28,3/7/2021 0:43:28
444,Kricketot,401,,,,TRUE,3/7/2021 0:43:28,3/7/2021 0:43:28
445,Kricketune,402,,,,TRUE,3/7/2021 0:43:28,3/7/2021 0:43:28
446,Shinx,403,,,,TRUE,3/7/2021 0:43:28,3/7/2021 0:43:28
447,Luxio,404,,,,TRUE,3/7/2021 0:43:28,3/7/2021 0:43:28
448,Luxray,405,,,,TRUE,3/7/2021 0:43:28,3/7/2021 0:43:28
449,Budew,406,,,,,3/7/2021 0:43:28,3/7/2021 0:43:28
450,Roserade,407,,,,TRUE,3/7/2021 0:43:28,3/7/2021 0:43:28
451,Cranidos,408,,,,,3/7/2021 0:43:28,3/7/2021 0:43:28
452,Rampardos,409,,,,,3/7/2021 0:43:28,3/7/2021 0:43:28
453,Shieldon,410,,,,,3/7/2021 0:43:28,3/7/2021 0:43:28
454,Bastiodon,411,,,,,3/7/2021 0:43:28,3/7/2021 0:43:28
455,Burmy,412,,,,,3/7/2021 0:43:28,3/7/2021 0:43:28
456,Wormadam,413,,,,,3/7/2021 0:43:28,3/7/2021 0:43:28
457,Mothim,414,,,,,3/7/2021 0:43:28,3/7/2021 0:43:28
458,Combee,415,,,,TRUE,3/7/2021 0:43:28,3/7/2021 0:43:28
459,Vespiquen,416,,,,,3/7/2021 0:43:28,3/7/2021 0:43:28
460,Pachirisu,417,,,,TRUE,3/7/2021 0:43:28,3/7/2021 0:43:28
461,Buizel,418,,,,TRUE,3/7/2021 0:43:28,3/7/2021 0:43:28
462,Floatzel,419,,,,,3/7/2021 0:43:28,3/7/2021 0:43:28
463,Cherubi,420,,,,,3/7/2021 0:43:28,3/7/2021 0:43:28
464,Cherrim,421,,,,,3/7/2021 0:43:28,3/7/2021 0:43:28
465,Shellos,422,,,,,3/7/2021 0:43:28,3/7/2021 0:43:28
466,Gastrodon,423,,,,,3/7/2021 0:43:28,3/7/2021 0:43:28
467,Ambipom,424,,,,TRUE,3/7/2021 0:43:28,3/7/2021 0:43:28
468,Drifloon,425,,,,,3/7/2021 0:43:28,3/7/2021 0:43:28
469,Drifblim,426,,,,,3/7/2021 0:43:28,3/7/2021 0:43:28
470,Buneary,427,,,,,3/7/2021 0:43:28,3/7/2021 0:43:28
471,Lopunny,428,,,,,3/7/2021 0:43:28,3/7/2021 0:43:28
472,Mega Lopunny,428,,,TRUE,,3/7/2021 0:43:28,3/7/2021 0:43:28
473,Mismagius,429,,,,,3/7/2021 0:43:28,3/7/2021 0:43:28
474,Honchkrow,430,,,,,3/7/2021 0:43:28,3/7/2021 0:43:28
475,Glameow,431,,,,,3/7/2021 0:43:28,3/7/2021 0:43:28
476,Purugly,432,,,,,3/7/2021 0:43:28,3/7/2021 0:43:28
477,Chingling,433,,,,,3/7/2021 0:43:28,3/7/2021 0:43:28
478,Stunky,434,,,,,3/7/2021 0:43:28,3/7/2021 0:43:28
479,Skuntank,435,,,,,3/7/2021 0:43:28,3/7/2021 0:43:28
480,Bronzor,436,,,,,3/7/2021 0:43:28,3/7/2021 0:43:28
481,Bronzong,437,,,,,3/7/2021 0:43:28,3/7/2021 0:43:28
482,Bonsly,438,,,,,3/7/2021 0:43:28,3/7/2021 0:43:28
483,Mime Jr.,439,,,,,3/7/2021 0:43:28,3/7/2021 0:43:28
484,Happiny,440,,,,,3/7/2021 0:43:28,3/7/2021 0:43:28
485,Chatot,441,,,,,3/7/2021 0:43:28,3/7/2021 0:43:28
486,Spiritomb,442,,,,,3/7/2021 0:43:28,3/7/2021 0:43:28
487,Gible,443,,,,TRUE,3/7/2021 0:43:28,3/7/2021 0:43:28
488,Gabite,444,,,,TRUE,3/7/2021 0:43:28,3/7/2021 0:43:28
489,Garchomp,445,,,,TRUE,3/7/2021 0:43:28,3/7/2021 0:43:28
490,Mega Garchomp,445,,,TRUE,,3/7/2021 0:43:28,3/7/2021 0:43:28
491,Munchlax,446,,,,,3/7/2021 0:43:28,3/7/2021 0:43:28
492,Riolu,447,,,,,3/7/2021 0:43:28,3/7/2021 0:43:28
493,Lucario,448,,,,,3/7/2021 0:43:28,3/7/2021 0:43:28
494,Mega Lucario,448,,,TRUE,,3/7/2021 0:43:28,3/7/2021 0:43:28
495,Hippopotas,449,,,,TRUE,3/7/2021 0:43:28,3/7/2021 0:43:28
496,Hippowdon,450,,,,TRUE,3/7/2021 0:43:28,3/7/2021 0:43:28
497,Skorupi,451,,,,,3/7/2021 0:43:28,3/7/2021 0:43:28
498,Drapion,452,,,,,3/7/2021 0:43:28,3/7/2021 0:43:28
499,Croagunk,453,,,,TRUE,3/7/2021 0:43:28,3/7/2021 0:43:28
500,Toxicroak,454,,,,TRUE,3/7/2021 0:43:28,3/7/2021 0:43:28
501,Carnivine,455,,,,,3/7/2021 0:43:28,3/7/2021 0:43:28
502,Finneon,456,,,,TRUE,3/7/2021 0:43:28,3/7/2021 0:43:28
503,Lumineon,457,,,,TRUE,3/7/2021 0:43:28,3/7/2021 0:43:28
504,Mantyke,458,,,,,3/7/2021 0:43:28,3/7/2021 0:43:28
505,Snover,459,,,,TRUE,3/7/2021 0:43:28,3/7/2021 0:43:28
506,Abomasnow,460,,,,TRUE,3/7/2021 0:43:28,3/7/2021 0:43:28
507,Mega Abomasnow,460,,,TRUE,,3/7/2021 0:43:28,3/7/2021 0:43:28
508,Weavile,461,,,,TRUE,3/7/2021 0:43:28,3/7/2021 0:43:28
509,Magnezone,462,,,,,3/7/2021 0:43:28,3/7/2021 0:43:28
510,Lickilicky,463,,,,,3/7/2021 0:43:28,3/7/2021 0:43:28
511,Rhyperior,464,,,,TRUE,3/7/2021 0:43:28,3/7/2021 0:43:28
512,Tangrowth,465,,,,TRUE,3/7/2021 0:43:28,3/7/2021 0:43:28
513,Electivire,466,,,,,3/7/2021 0:43:28,3/7/2021 0:43:28
514,Magmortar,467,,,,,3/7/2021 0:43:28,3/7/2021 0:43:28
515,Togekiss,468,,,,,3/7/2021 0:43:28,3/7/2021 0:43:28
516,Yanmega,469,,,,,3/7/2021 0:43:28,3/7/2021 0:43:28
517,Leafeon,470,,,,,3/7/2021 0:43:28,3/7/2021 0:43:28
518,Glaceon,471,,,,,3/7/2021 0:43:28,3/7/2021 0:43:28
519,Gliscor,472,,,,,3/7/2021 0:43:28,3/7/2021 0:43:28
520,Mamoswine,473,,,,TRUE,3/7/2021 0:43:28,3/7/2021 0:43:28
521,Porygon-Z,474,,,,,3/7/2021 0:43:28,3/7/2021 0:43:28
522,Gallade,475,,,,,3/7/2021 0:43:28,3/7/2021 0:43:28
523,Mega Gallade,475,,,TRUE,,3/7/2021 0:43:28,3/7/2021 0:43:28
524,Probopass,476,,,,,3/7/2021 0:43:28,3/7/2021 0:43:28
525,Dusknoir,477,,,,,3/7/2021 0:43:28,3/7/2021 0:43:28
526,Froslass,478,,,,,3/7/2021 0:43:28,3/7/2021 0:43:28
527,Rotom,479,,,,,3/7/2021 0:43:28,3/7/2021 0:43:28
528,Uxie,480,,,,,3/7/2021 0:43:28,3/7/2021 0:43:28
529,Mesprit,481,,,,,3/7/2021 0:43:28,3/7/2021 0:43:28
530,Azelf,482,,,,,3/7/2021 0:43:28,3/7/2021 0:43:28
531,Dialga,483,,,,,3/7/2021 0:43:28,3/7/2021 0:43:28
532,Palkia,484,,,,,3/7/2021 0:43:28,3/7/2021 0:43:28
533,Heatran,485,,,,,3/7/2021 0:43:28,3/7/2021 0:43:28
534,Regigigas,486,,,,,3/7/2021 0:43:28,3/7/2021 0:43:28
535,Giratina,487,,,,,3/7/2021 0:43:28,3/7/2021 0:43:28
536,Cresselia,488,,,,,3/7/2021 0:43:28,3/7/2021 0:43:28
537,Phione,489,,,,,3/7/2021 0:43:28,3/7/2021 0:43:28
538,Manaphy,490,,,,,3/7/2021 0:43:28,3/7/2021 0:43:28
539,Darkrai,491,,,,,3/7/2021 0:43:28,3/7/2021 0:43:28
540,Shaymin,492,,,,,3/7/2021 0:43:28,3/7/2021 0:43:28
541,Arceus,493,,,,,3/7/2021 0:43:28,3/7/2021 0:43:28
542,Victini,494,,,,,3/7/2021 0:43:28,3/7/2021 0:43:28
543,Snivy,495,,,,,3/7/2021 0:43:28,3/7/2021 0:43:28
544,Servine,496,,,,,3/7/2021 0:43:28,3/7/2021 0:43:28
545,Serperior,497,,,,,3/7/2021 0:43:28,3/7/2021 0:43:28
546,Tepig,498,,,,,3/7/2021 0:43:28,3/7/2021 0:43:28
547,Pignite,499,,,,,3/7/2021 0:43:28,3/7/2021 0:43:28
548,Emboar,500,,,,,3/7/2021 0:43:28,3/7/2021 0:43:28
549,Oshawott,501,,,,,3/7/2021 0:43:28,3/7/2021 0:43:28
550,Dewott,502,,,,,3/7/2021 0:43:28,3/7/2021 0:43:28
551,Samurott,503,,,,,3/7/2021 0:43:28,3/7/2021 0:43:28
552,Patrat,504,,,,,3/7/2021 0:43:28,3/7/2021 0:43:28
553,Watchog,505,,,,,3/7/2021 0:43:28,3/7/2021 0:43:28
554,Lillipup,506,,,,,3/7/2021 0:43:28,3/7/2021 0:43:28
555,Herdier,507,,,,,3/7/2021 0:43:28,3/7/2021 0:43:28
556,Stoutland,508,,,,,3/7/2021 0:43:28,3/7/2021 0:43:28
557,Purrloin,509,,,,,3/7/2021 0:43:28,3/7/2021 0:43:28
558,Liepard,510,,,,,3/7/2021 0:43:28,3/7/2021 0:43:28
559,Pansage,511,,,,,3/7/2021 0:43:28,3/7/2021 0:43:28
560,Simisage,512,,,,,3/7/2021 0:43:28,3/7/2021 0:43:28
561,Pansear,513,,,,,3/7/2021 0:43:28,3/7/2021 0:43:28
562,Simisear,514,,,,,3/7/2021 0:43:28,3/7/2021 0:43:28
563,Panpour,515,,,,,3/7/2021 0:43:28,3/7/2021 0:43:28
564,Simipour,516,,,,,3/7/2021 0:43:28,3/7/2021 0:43:28
565,Munna,517,,,,,3/7/2021 0:43:28,3/7/2021 0:43:28
566,Musharna,518,,,,,3/7/2021 0:43:28,3/7/2021 0:43:28
567,Pidove,519,,,,,3/7/2021 0:43:28,3/7/2021 0:43:28
568,Tranquill,520,,,,,3/7/2021 0:43:28,3/7/2021 0:43:28
569,Unfezant,521,,,,TRUE,3/7/2021 0:43:28,3/7/2021 0:43:28
570,Blitzle,522,,,,,3/7/2021 0:43:28,3/7/2021 0:43:28
571,Zebstrika,523,,,,,3/7/2021 0:43:28,3/7/2021 0:43:28
572,Roggenrola,524,,,,,3/7/2021 0:43:28,3/7/2021 0:43:28
573,Boldore,525,,,,,3/7/2021 0:43:28,3/7/2021 0:43:28
574,Gigalith,526,,,,,3/7/2021 0:43:28,3/7/2021 0:43:28
575,Woobat,527,,,,,3/7/2021 0:43:28,3/7/2021 0:43:28
576,Swoobat,528,,,,,3/7/2021 0:43:28,3/7/2021 0:43:28
577,Drilbur,529,,,,,3/7/2021 0:43:28,3/7/2021 0:43:28
578,Excadrill,530,,,,,3/7/2021 0:43:28,3/7/2021 0:43:28
579,Audino,531,,,,,3/7/2021 0:43:28,3/7/2021 0:43:28
580,Mega Audino,531,,,TRUE,,3/7/2021 0:43:28,3/7/2021 0:43:28
581,Timburr,532,,,,,3/7/2021 0:43:28,3/7/2021 0:43:28
582,Gurdurr,533,,,,,3/7/2021 0:43:28,3/7/2021 0:43:28
583,Conkeldurr,534,,,,,3/7/2021 0:43:28,3/7/2021 0:43:28
584,Tympole,535,,,,,3/7/2021 0:43:28,3/7/2021 0:43:28
585,Palpitoad,536,,,,,3/7/2021 0:43:28,3/7/2021 0:43:28
586,Seismitoad,537,,,,,3/7/2021 0:43:28,3/7/2021 0:43:28
587,Throh,538,,,,,3/7/2021 0:43:28,3/7/2021 0:43:28
588,Sawk,539,,,,,3/7/2021 0:43:28,3/7/2021 0:43:28
589,Sewaddle,540,,,,,3/7/2021 0:43:28,3/7/2021 0:43:28
590,Swadloon,541,,,,,3/7/2021 0:43:28,3/7/2021 0:43:28
591,Leavanny,542,,,,,3/7/2021 0:43:28,3/7/2021 0:43:28
592,Venipede,543,,,,,3/7/2021 0:43:28,3/7/2021 0:43:28
593,Whirlipede,544,,,,,3/7/2021 0:43:28,3/7/2021 0:43:28
594,Scolipede,545,,,,,3/7/2021 0:43:28,3/7/2021 0:43:28
595,Cottonee,546,,,,,3/7/2021 0:43:28,3/7/2021 0:43:28
596,Whimsicott,547,,,,,3/7/2021 0:43:28,3/7/2021 0:43:28
597,Petilil,548,,,,,3/7/2021 0:43:28,3/7/2021 0:43:28
598,Lilligant,549,,,,,3/7/2021 0:43:28,3/7/2021 0:43:28
599,Basculin,550,,,,,3/7/2021 0:43:28,3/7/2021 0:43:28
600,Sandile,551,,,,,3/7/2021 0:43:28,3/7/2021 0:43:28
601,Krokorok,552,,,,,3/7/2021 0:43:28,3/7/2021 0:43:28
602,Krookodile,553,,,,,3/7/2021 0:43:28,3/7/2021 0:43:28
603,Darumaka,554,,,,,3/7/2021 0:43:28,3/7/2021 0:43:28
604,Darmanitan,555,,,,,3/7/2021 0:43:28,3/7/2021 0:43:28
605,Maractus,556,,,,,3/7/2021 0:43:28,3/7/2021 0:43:28
606,Dwebble,557,,,,,3/7/2021 0:43:28,3/7/2021 0:43:28
607,Crustle,558,,,,,3/7/2021 0:43:28,3/7/2021 0:43:28
608,Scraggy,559,,,,,3/7/2021 0:43:28,3/7/2021 0:43:28
609,Scrafty,560,,,,,3/7/2021 0:43:28,3/7/2021 0:43:28
610,Sigilyph,561,,,,,3/7/2021 0:43:28,3/7/2021 0:43:28
611,Yamask,562,,,,,3/7/2021 0:43:28,3/7/2021 0:43:28
612,Cofagrigus,563,,,,,3/7/2021 0:43:28,3/7/2021 0:43:28
613,Tirtouga,564,,,,,3/7/2021 0:43:28,3/7/2021 0:43:28
614,Carracosta,565,,,,,3/7/2021 0:43:28,3/7/2021 0:43:28
615,Archen,566,,,,,3/7/2021 0:43:28,3/7/2021 0:43:28
616,Archeops,567,,,,,3/7/2021 0:43:28,3/7/2021 0:43:28
617,Trubbish,568,,,,,3/7/2021 0:43:28,3/7/2021 0:43:28
618,Garbodor,569,,,,,3/7/2021 0:43:28,3/7/2021 0:43:28
619,Zorua,570,,,,,3/7/2021 0:43:28,3/7/2021 0:43:28
620,Zoroark,571,,,,,3/7/2021 0:43:28,3/7/2021 0:43:28
621,Minccino,572,,,,,3/7/2021 0:43:28,3/7/2021 0:43:28
622,Cinccino,573,,,,,3/7/2021 0:43:28,3/7/2021 0:43:28
623,Gothita,574,,,,,3/7/2021 0:43:28,3/7/2021 0:43:28
624,Gothorita,575,,,,,3/7/2021 0:43:28,3/7/2021 0:43:28
625,Gothitelle,576,,,,,3/7/2021 0:43:28,3/7/2021 0:43:28
626,Solosis,577,,,,,3/7/2021 0:43:28,3/7/2021 0:43:28
627,Duosion,578,,,,,3/7/2021 0:43:28,3/7/2021 0:43:28
628,Reuniclus,579,,,,,3/7/2021 0:43:28,3/7/2021 0:43:28
629,Ducklett,580,,,,,3/7/2021 0:43:28,3/7/2021 0:43:28
630,Swanna,581,,,,,3/7/2021 0:43:28,3/7/2021 0:43:28
631,Vanillite,582,,,,,3/7/2021 0:43:28,3/7/2021 0:43:28
632,Vanillish,583,,,,,3/7/2021 0:43:28,3/7/2021 0:43:28
633,Vanilluxe,584,,,,,3/7/2021 0:43:28,3/7/2021 0:43:28
634,Deerling,585,,,,,3/7/2021 0:43:28,3/7/2021 0:43:28
635,Sawsbuck,586,,,,,3/7/2021 0:43:28,3/7/2021 0:43:28
636,Emolga,587,,,,,3/7/2021 0:43:28,3/7/2021 0:43:28
637,Karrablast,588,,,,,3/7/2021 0:43:28,3/7/2021 0:43:28
638,Escavalier,589,,,,,3/7/2021 0:43:28,3/7/2021 0:43:28
639,Foongus,590,,,,,3/7/2021 0:43:28,3/7/2021 0:43:28
640,Amoonguss,591,,,,,3/7/2021 0:43:28,3/7/2021 0:43:28
641,Frillish,592,,,,TRUE,3/7/2021 0:43:28,3/7/2021 0:43:28
642,Jellicent,593,,,,TRUE,3/7/2021 0:43:28,3/7/2021 0:43:28
643,Alomomola,594,,,,,3/7/2021 0:43:28,3/7/2021 0:43:28
644,Joltik,595,,,,,3/7/2021 0:43:28,3/7/2021 0:43:28
645,Galvantula,596,,,,,3/7/2021 0:43:28,3/7/2021 0:43:28
646,Ferroseed,597,,,,,3/7/2021 0:43:28,3/7/2021 0:43:28
647,Ferrothorn,598,,,,,3/7/2021 0:43:28,3/7/2021 0:43:28
648,Klink,599,,,,,3/7/2021 0:43:28,3/7/2021 0:43:28
649,Klang,600,,,,,3/7/2021 0:43:28,3/7/2021 0:43:28
650,Klinklang,601,,,,,3/7/2021 0:43:28,3/7/2021 0:43:28
651,Tynamo,602,,,,,3/7/2021 0:43:28,3/7/2021 0:43:28
652,Eelektrik,603,,,,,3/7/2021 0:43:28,3/7/2021 0:43:28
653,Eelektross,604,,,,,3/7/2021 0:43:28,3/7/2021 0:43:28
654,Elgyem,605,,,,,3/7/2021 0:43:28,3/7/2021 0:43:28
655,Beheeyem,606,,,,,3/7/2021 0:43:28,3/7/2021 0:43:28
656,Litwick,607,,,,,3/7/2021 0:43:28,3/7/2021 0:43:28
657,Lampent,608,,,,,3/7/2021 0:43:28,3/7/2021 0:43:28
658,Chandelure,609,,,,,3/7/2021 0:43:28,3/7/2021 0:43:28
659,Axew,610,,,,,3/7/2021 0:43:28,3/7/2021 0:43:28
660,Fraxure,611,,,,,3/7/2021 0:43:28,3/7/2021 0:43:28
661,Haxorus,612,,,,,3/7/2021 0:43:28,3/7/2021 0:43:28
662,Cubchoo,613,,,,,3/7/2021 0:43:28,3/7/2021 0:43:28
663,Beartic,614,,,,,3/7/2021 0:43:28,3/7/2021 0:43:28
664,Cryogonal,615,,,,,3/7/2021 0:43:28,3/7/2021 0:43:28
665,Shelmet,616,,,,,3/7/2021 0:43:28,3/7/2021 0:43:28
666,Accelgor,617,,,,,3/7/2021 0:43:28,3/7/2021 0:43:28
667,Stunfisk,618,,,,,3/7/2021 0:43:28,3/7/2021 0:43:28
669,Mienfoo,619,,,,,3/7/2021 0:43:28,3/7/2021 0:43:28
670,Mienshao,620,,,,,3/7/2021 0:43:28,3/7/2021 0:43:28
671,Druddigon,621,,,,,3/7/2021 0:43:28,3/7/2021 0:43:28
672,Golett,622,,,,,3/7/2021 0:43:28,3/7/2021 0:43:28
673,Golurk,623,,,,,3/7/2021 0:43:28,3/7/2021 0:43:28
674,Pawniard,624,,,,,3/7/2021 0:43:28,3/7/2021 0:43:28
675,Bisharp,625,,,,,3/7/2021 0:43:28,3/7/2021 0:43:28
676,Bouffalant,626,,,,,3/7/2021 0:43:28,3/7/2021 0:43:28
677,Rufflet,627,,,,,3/7/2021 0:43:28,3/7/2021 0:43:28
678,Braviary,628,,,,,3/7/2021 0:43:28,3/7/2021 0:43:28
679,Vullaby,629,,,,,3/7/2021 0:43:28,3/7/2021 0:43:28
680,Mandibuzz,630,,,,,3/7/2021 0:43:28,3/7/2021 0:43:28
681,Heatmor,631,,,,,3/7/2021 0:43:28,3/7/2021 0:43:28
682,Durant,632,,,,,3/7/2021 0:43:28,3/7/2021 0:43:28
683,Deino,633,,,,,3/7/2021 0:43:28,3/7/2021 0:43:28
684,Zweilous,634,,,,,3/7/2021 0:43:28,3/7/2021 0:43:28
685,Hydreigon,635,,,,,3/7/2021 0:43:28,3/7/2021 0:43:28
686,Larvesta,636,,,,,3/7/2021 0:43:28,3/7/2021 0:43:28
687,Volcarona,637,,,,,3/7/2021 0:43:28,3/7/2021 0:43:28
688,Cobalion,638,,,,,3/7/2021 0:43:28,3/7/2021 0:43:28
689,Terrakion,639,,,,,3/7/2021 0:43:28,3/7/2021 0:43:28
690,Virizion,640,,,,,3/7/2021 0:43:28,3/7/2021 0:43:28
691,Tornadus,641,,,,,3/7/2021 0:43:28,3/7/2021 0:43:28
692,Thundurus,642,,,,,3/7/2021 0:43:28,3/7/2021 0:43:28
693,Reshiram,643,,,,,3/7/2021 0:43:28,3/7/2021 0:43:28
694,Zekrom,644,,,,,3/7/2021 0:43:28,3/7/2021 0:43:28
695,Landorus,645,,,,,3/7/2021 0:43:28,3/7/2021 0:43:28
696,Kyurem,646,,,,,3/7/2021 0:43:28,3/7/2021 0:43:28
697,Keldeo,647,,,,,3/7/2021 0:43:28,3/7/2021 0:43:28
698,Meloetta,648,,,,,3/7/2021 0:43:28,3/7/2021 0:43:28
699,Genesect,649,,,,,3/7/2021 0:43:28,3/7/2021 0:43:28
700,Chespin,650,,,,,3/7/2021 0:43:28,3/7/2021 0:43:28
701,Quilladin,651,,,,,3/7/2021 0:43:28,3/7/2021 0:43:28
702,Chesnaught,652,,,,,3/7/2021 0:43:28,3/7/2021 0:43:28
703,Fennekin,653,,,,,3/7/2021 0:43:28,3/7/2021 0:43:28
704,Braixen,654,,,,,3/7/2021 0:43:28,3/7/2021 0:43:28
705,Delphox,655,,,,,3/7/2021 0:43:28,3/7/2021 0:43:28
706,Froakie,656,,,,,3/7/2021 0:43:28,3/7/2021 0:43:28
707,Frogadier,657,,,,,3/7/2021 0:43:28,3/7/2021 0:43:28
708,Greninja,658,,,,,3/7/2021 0:43:28,3/7/2021 0:43:28
709,Bunnelby,659,,,,,3/7/2021 0:43:28,3/7/2021 0:43:28
710,Diggersby,660,,,,,3/7/2021 0:43:28,3/7/2021 0:43:28
711,Fletchling,661,,,,,3/7/2021 0:43:28,3/7/2021 0:43:28
712,Fletchinder,662,,,,,3/7/2021 0:43:28,3/7/2021 0:43:28
713,Talonflame,663,,,,,3/7/2021 0:43:28,3/7/2021 0:43:28
714,Scatterbug,664,,,,,3/7/2021 0:43:28,3/7/2021 0:43:28
715,Spewpa,665,,,,,3/7/2021 0:43:28,3/7/2021 0:43:28
716,Vivillon,666,,,,,3/7/2021 0:43:28,3/7/2021 0:43:28
717,Litleo,667,,,,,3/7/2021 0:43:28,3/7/2021 0:43:28
718,Pyroar,668,,,,TRUE,3/7/2021 0:43:28,3/7/2021 0:43:28
719,Flabebe,669,,,,,3/7/2021 0:43:28,3/7/2021 0:43:28
720,Floette,670,,,,,3/7/2021 0:43:28,3/7/2021 0:43:28
721,Florges,671,,,,,3/7/2021 0:43:28,3/7/2021 0:43:28
722,Skiddo,672,,,,,3/7/2021 0:43:28,3/7/2021 0:43:28
723,Gogoat,673,,,,,3/7/2021 0:43:28,3/7/2021 0:43:28
724,Pancham,674,,,,,3/7/2021 0:43:28,3/7/2021 0:43:28
725,Pangoro,675,,,,,3/7/2021 0:43:28,3/7/2021 0:43:28
726,Furfrou,676,,,,,3/7/2021 0:43:28,3/7/2021 0:43:28
727,Espurr,677,,,,,3/7/2021 0:43:28,3/7/2021 0:43:28
728,Meowstic,678,,,,TRUE,3/7/2021 0:43:28,3/7/2021 0:43:28
729,Honedge,679,,,,,3/7/2021 0:43:28,3/7/2021 0:43:28
730,Doublade,680,,,,,3/7/2021 0:43:28,3/7/2021 0:43:28
731,Aegislash,681,,,,,3/7/2021 0:43:28,3/7/2021 0:43:28
732,Spritzee,682,,,,,3/7/2021 0:43:28,3/7/2021 0:43:28
733,Aromatisse,683,,,,,3/7/2021 0:43:28,3/7/2021 0:43:28
734,Swirlix,684,,,,,3/7/2021 0:43:28,3/7/2021 0:43:28
735,Slurpuff,685,,,,,3/7/2021 0:43:28,3/7/2021 0:43:28
736,Inkay,686,,,,,3/7/2021 0:43:28,3/7/2021 0:43:28
737,Malamar,687,,,,,3/7/2021 0:43:28,3/7/2021 0:43:28
738,Binacle,688,,,,,3/7/2021 0:43:28,3/7/2021 0:43:28
739,Barbaracle,689,,,,,3/7/2021 0:43:28,3/7/2021 0:43:28
740,Skrelp,690,,,,,3/7/2021 0:43:28,3/7/2021 0:43:28
741,Dragalge,691,,,,,3/7/2021 0:43:28,3/7/2021 0:43:28
742,Clauncher,692,,,,,3/7/2021 0:43:28,3/7/2021 0:43:28
743,Clawitzer,693,,,,,3/7/2021 0:43:28,3/7/2021 0:43:28
744,Helioptile,694,,,,,3/7/2021 0:43:28,3/7/2021 0:43:28
745,Heliolisk,695,,,,,3/7/2021 0:43:28,3/7/2021 0:43:28
746,Tyrunt,696,,,,,3/7/2021 0:43:28,3/7/2021 0:43:28
747,Tyrantrum,697,,,,,3/7/2021 0:43:28,3/7/2021 0:43:28
748,Amaura,698,,,,,3/7/2021 0:43:28,3/7/2021 0:43:28
749,Aurorus,699,,,,,3/7/2021 0:43:28,3/7/2021 0:43:28
750,Sylveon,700,,,,,3/7/2021 0:43:28,3/7/2021 0:43:28
751,Hawlucha,701,,,,,3/7/2021 0:43:28,3/7/2021 0:43:28
752,Dedenne,702,,,,,3/7/2021 0:43:28,3/7/2021 0:43:28
753,Carbink,703,,,,,3/7/2021 0:43:28,3/7/2021 0:43:28
754,Goomy,704,,,,,3/7/2021 0:43:28,3/7/2021 0:43:28
755,Sliggoo,705,,,,,3/7/2021 0:43:28,3/7/2021 0:43:28
756,Goodra,706,,,,,3/7/2021 0:43:28,3/7/2021 0:43:28
757,Klefki,707,,,,,3/7/2021 0:43:28,3/7/2021 0:43:28
758,Phantump,708,,,,,3/7/2021 0:43:28,3/7/2021 0:43:28
759,Trevenant,709,,,,,3/7/2021 0:43:28,3/7/2021 0:43:28
760,Pumpkaboo,710,,,,,3/7/2021 0:43:28,3/7/2021 0:43:28
761,Gourgeist,711,,,,,3/7/2021 0:43:28,3/7/2021 0:43:28
762,Bergmite,712,,,,,3/7/2021 0:43:28,3/7/2021 0:43:28
763,Avalugg,713,,,,,3/7/2021 0:43:28,3/7/2021 0:43:28
764,Noibat,714,,,,,3/7/2021 0:43:28,3/7/2021 0:43:28
765,Noivern,715,,,,,3/7/2021 0:43:28,3/7/2021 0:43:28
766,Xerneas,716,,,,,3/7/2021 0:43:28,3/7/2021 0:43:28
767,Yveltal,717,,,,,3/7/2021 0:43:28,3/7/2021 0:43:28
768,Zygarde,718,,,,,3/7/2021 0:43:28,3/7/2021 0:43:28
769,Diancie,719,,,,,3/7/2021 0:43:28,3/7/2021 0:43:28
770,Mega Diancie,719,,,TRUE,,3/7/2021 0:43:28,3/7/2021 0:43:28
771,Hoopa,720,,,,,3/7/2021 0:43:28,3/7/2021 0:43:28
772,Volcanion,721,,,,,3/7/2021 0:43:28,3/7/2021 0:43:28
773,Rowlet,722,,,,,3/7/2021 0:43:28,3/7/2021 0:43:28
774,Dartrix,723,,,,,3/7/2021 0:43:28,3/7/2021 0:43:28
775,Decidueye,724,,,,,3/7/2021 0:43:28,3/7/2021 0:43:28
776,Litten,725,,,,,3/7/2021 0:43:28,3/7/2021 0:43:28
777,Torracat,726,,,,,3/7/2021 0:43:28,3/7/2021 0:43:28
778,Incineroar,727,,,,,3/7/2021 0:43:28,3/7/2021 0:43:28
779,Popplio,728,,,,,3/7/2021 0:43:28,3/7/2021 0:43:28
780,Brionne,729,,,,,3/7/2021 0:43:28,3/7/2021 0:43:28
781,Primarina,730,,,,,3/7/2021 0:43:28,3/7/2021 0:43:28
782,Pikipek,731,,,,,3/7/2021 0:43:28,3/7/2021 0:43:28
783,Trumbeak,732,,,,,3/7/2021 0:43:28,3/7/2021 0:43:28
784,Toucannon,733,,,,,3/7/2021 0:43:28,3/7/2021 0:43:28
785,Yungoos,734,,,,,3/7/2021 0:43:28,3/7/2021 0:43:28
786,Gumshoos,735,,,,,3/7/2021 0:43:28,3/7/2021 0:43:28
787,Grubbin,736,,,,,3/7/2021 0:43:28,3/7/2021 0:43:28
788,Charjabug,737,,,,,3/7/2021 0:43:28,3/7/2021 0:43:28
789,Vikavolt,738,,,,,3/7/2021 0:43:28,3/7/2021 0:43:28
790,Crabrawler,739,,,,,3/7/2021 0:43:28,3/7/2021 0:43:28
791,Crabominable,740,,,,,3/7/2021 0:43:28,3/7/2021 0:43:28
792,Oricorio,741,,,,,3/7/2021 0:43:28,3/7/2021 0:43:28
793,Cutiefly,742,,,,,3/7/2021 0:43:28,3/7/2021 0:43:28
794,Ribombee,743,,,,,3/7/2021 0:43:28,3/7/2021 0:43:28
795,Rockruff,744,,,,,3/7/2021 0:43:28,3/7/2021 0:43:28
796,Lycanroc,745,,,,,3/7/2021 0:43:28,3/7/2021 0:43:28
797,Wishiwashi,746,,,,,3/7/2021 0:43:28,3/7/2021 0:43:28
798,Mareanie,747,,,,,3/7/2021 0:43:28,3/7/2021 0:43:28
799,Toxapex,748,,,,,3/7/2021 0:43:28,3/7/2021 0:43:28
800,Mudbray,749,,,,,3/7/2021 0:43:28,3/7/2021 0:43:28
801,Mudsdale,750,,,,,3/7/2021 0:43:28,3/7/2021 0:43:28
802,Dewpider,751,,,,,3/7/2021 0:43:28,3/7/2021 0:43:28
803,Araquanid,752,,,,,3/7/2021 0:43:28,3/7/2021 0:43:28
804,Fomantis,753,,,,,3/7/2021 0:43:28,3/7/2021 0:43:28
805,Lurantis,754,,,,,3/7/2021 0:43:28,3/7/2021 0:43:28
806,Morelull,755,,,,,3/7/2021 0:43:28,3/7/2021 0:43:28
807,Shiinotic,756,,,,,3/7/2021 0:43:28,3/7/2021 0:43:28
808,Salandit,757,,,,,3/7/2021 0:43:28,3/7/2021 0:43:28
809,Salazzle,758,,,,,3/7/2021 0:43:28,3/7/2021 0:43:28
810,Stufful,759,,,,,3/7/2021 0:43:28,3/7/2021 0:43:28
811,Bewear,760,,,,,3/7/2021 0:43:28,3/7/2021 0:43:28
812,Bounsweet,761,,,,,3/7/2021 0:43:28,3/7/2021 0:43:28
813,Steenee,762,,,,,3/7/2021 0:43:28,3/7/2021 0:43:28
814,Tsareena,763,,,,,3/7/2021 0:43:28,3/7/2021 0:43:28
815,Comfey,764,,,,,3/7/2021 0:43:28,3/7/2021 0:43:28
816,Oranguru,765,,,,,3/7/2021 0:43:28,3/7/2021 0:43:28
817,Passimian,766,,,,,3/7/2021 0:43:28,3/7/2021 0:43:28
818,Wimpod,767,,,,,3/7/2021 0:43:28,3/7/2021 0:43:28
819,Golisopod,768,,,,,3/7/2021 0:43:28,3/7/2021 0:43:28
820,Sandygast,769,,,,,3/7/2021 0:43:28,3/7/2021 0:43:28
821,Palossand,770,,,,,3/7/2021 0:43:28,3/7/2021 0:43:28
822,Pyukumuku,771,,,,,3/7/2021 0:43:28,3/7/2021 0:43:28
823,Type: Null,772,,http://play.pokemonshowdown.com/sprites/ani/typenull.gif,,,3/7/2021 0:43:28,3/7/2021 0:43:28
824,Silvally,773,,,,,3/7/2021 0:43:28,3/7/2021 0:43:28
825,Minior,774,,,,,3/7/2021 0:43:28,3/7/2021 0:43:28
826,Komala,775,,,,,3/7/2021 0:43:28,3/7/2021 0:43:28
827,Turtonator,776,,,,,3/7/2021 0:43:28,3/7/2021 0:43:28
828,Togedemaru,777,,,,,3/7/2021 0:43:28,3/7/2021 0:43:28
829,Mimikyu,778,,,,,3/7/2021 0:43:28,3/7/2021 0:43:28
830,Bruxish,779,,,,,3/7/2021 0:43:28,3/7/2021 0:43:28
831,Drampa,780,,,,,3/7/2021 0:43:28,3/7/2021 0:43:28
832,Dhelmise,781,,,,,3/7/2021 0:43:28,3/7/2021 0:43:28
833,Jangmo-o,782,,http://play.pokemonshowdown.com/sprites/ani/typenull.gif,,,3/7/2021 0:43:28,3/7/2021 0:43:28
834,Hakamo-o,783,,http://play.pokemonshowdown.com/sprites/ani/hakamoo.gif,,,3/7/2021 0:43:28,3/7/2021 0:43:28
835,Kommo-o,784,,http://play.pokemonshowdown.com/sprites/ani/kommoo.gif,,,3/7/2021 0:43:28,3/7/2021 0:43:28
836,Tapu Koko,785,,,,,3/7/2021 0:43:28,3/7/2021 0:43:28
837,Tapu Lele,786,,,,,3/7/2021 0:43:28,3/7/2021 0:43:28
838,Tapu Bulu,787,,,,,3/7/2021 0:43:28,3/7/2021 0:43:28
839,Tapu Fini,788,,,,,3/7/2021 0:43:28,3/7/2021 0:43:28
840,Cosmog,789,,,,,3/7/2021 0:43:28,3/7/2021 0:43:28
841,Cosmoem,790,,,,,3/7/2021 0:43:28,3/7/2021 0:43:28
842,Solgaleo,791,,,,,3/7/2021 0:43:28,3/7/2021 0:43:28
843,Lunala,792,,,,,3/7/2021 0:43:28,3/7/2021 0:43:28
844,Nihilego,793,,,,,3/7/2021 0:43:28,3/7/2021 0:43:28
845,Buzzwole,794,,,,,3/7/2021 0:43:28,3/7/2021 0:43:28
846,Pheromosa,795,,,,,3/7/2021 0:43:28,3/7/2021 0:43:28
847,Xurkitree,796,,,,,3/7/2021 0:43:28,3/7/2021 0:43:28
848,Celesteela,797,,,,,3/7/2021 0:43:28,3/7/2021 0:43:28
849,Kartana,798,,,,,3/7/2021 0:43:28,3/7/2021 0:43:28
850,Guzzlord,799,,,,,3/7/2021 0:43:28,3/7/2021 0:43:28
851,Necrozma,800,,,,,3/7/2021 0:43:28,3/7/2021 0:43:28
852,Magearna,801,,,,,3/7/2021 0:43:28,3/7/2021 0:43:28
853,Marshadow,802,,,,,3/7/2021 0:43:28,3/7/2021 0:43:28
854,Poipole,803,,,,,3/7/2021 0:43:28,3/7/2021 0:43:28
855,Naganadel,804,,,,,3/7/2021 0:43:28,3/7/2021 0:43:28
856,Stakataka,805,,,,,3/7/2021 0:43:28,3/7/2021 0:43:28
857,Blacephalon,806,,,,,3/7/2021 0:43:28,3/7/2021 0:43:28
858,Zeraora,807,,,,,3/7/2021 0:43:28,3/7/2021 0:43:28
859,Meltan,808,,,,,3/7/2021 0:43:28,3/7/2021 0:43:28
860,Melmetal,809,,,,,3/7/2021 0:43:28,3/7/2021 0:43:28
861,Grookey,810,,,,,3/7/2021 0:43:28,3/7/2021 0:43:28
862,Thwackey,811,,,,,3/7/2021 0:43:28,3/7/2021 0:43:28
863,Rillaboom,812,,,,,3/7/2021 0:43:28,3/7/2021 0:43:28
864,Scorbunny,813,,,,,3/7/2021 0:43:28,3/7/2021 0:43:28
865,Raboot,814,,,,,3/7/2021 0:43:28,3/7/2021 0:43:28
866,Cinderace,815,,,,,3/7/2021 0:43:28,3/7/2021 0:43:28
867,Sobble,816,,,,,3/7/2021 0:43:28,3/7/2021 0:43:28
868,Drizzile,817,,,,,3/7/2021 0:43:28,3/7/2021 0:43:28
869,Inteleon,818,,,,,3/7/2021 0:43:28,3/7/2021 0:43:28
870,Skwovet,819,,,,,3/7/2021 0:43:28,3/7/2021 0:43:28
871,Greedent,820,,,,,3/7/2021 0:43:28,3/7/2021 0:43:28
872,Rookidee,821,,,,,3/7/2021 0:43:28,3/7/2021 0:43:28
873,Convisquire,822,,,,,3/7/2021 0:43:28,3/7/2021 0:43:28
874,Conviknight,823,,,,,3/7/2021 0:43:28,3/7/2021 0:43:28
875,Blipbug,824,,,,,3/7/2021 0:43:28,3/7/2021 0:43:28
876,Dottler,825,,,,,3/7/2021 0:43:28,3/7/2021 0:43:28
877,Orbeetle,826,,,,,3/7/2021 0:43:28,3/7/2021 0:43:28
878,Nickit,827,,,,,3/7/2021 0:43:28,3/7/2021 0:43:28
879,Thievul,828,,,,,3/7/2021 0:43:28,3/7/2021 0:43:28
880,Gossifleur,829,,,,,3/7/2021 0:43:28,3/7/2021 0:43:28
881,Eldegoss,830,,,,,3/7/2021 0:43:28,3/7/2021 0:43:28
882,Wooloo,831,,,,,3/7/2021 0:43:28,3/7/2021 0:43:28
883,Dubwool,832,,,,,3/7/2021 0:43:28,3/7/2021 0:43:28
884,Chewtle,833,,,,,3/7/2021 0:43:28,3/7/2021 0:43:28
885,Drednaw,834,,,,,3/7/2021 0:43:28,3/7/2021 0:43:28
886,Yamper,835,,,,,3/7/2021 0:43:28,3/7/2021 0:43:28
887,Boltund,836,,,,,3/7/2021 0:43:28,3/7/2021 0:43:28
888,Rolycoly,837,,,,,3/7/2021 0:43:28,3/7/2021 0:43:28
889,Carkol,838,,,,,3/7/2021 0:43:28,3/7/2021 0:43:28
890,Coalossal,839,,,,,3/7/2021 0:43:28,3/7/2021 0:43:28
891,Applin,840,,,,,3/7/2021 0:43:28,3/7/2021 0:43:28
892,Flapple,841,,,,,3/7/2021 0:43:28,3/7/2021 0:43:28
893,Appletun,842,,,,,3/7/2021 0:43:28,3/7/2021 0:43:28
894,Silicobra,843,,,,,3/7/2021 0:43:28,3/7/2021 0:43:28
895,Sandaconda,844,,,,,3/7/2021 0:43:28,3/7/2021 0:43:28
896,Cramorant,845,,,,,3/7/2021 0:43:28,3/7/2021 0:43:28
897,Arrokuda,846,,,,,3/7/2021 0:43:28,3/7/2021 0:43:28
898,Barraskewda,847,,,,,3/7/2021 0:43:28,3/7/2021 0:43:28
899,Toxel,848,,,,,3/7/2021 0:43:28,3/7/2021 0:43:28
900,Toxtricity,849,,,,,3/7/2021 0:43:28,3/7/2021 0:43:28
901,Sizzlipede,850,,,,,3/7/2021 0:43:28,3/7/2021 0:43:28
902,Centiskorch,851,,,,,3/7/2021 0:43:28,3/7/2021 0:43:28
903,Clobbopus,852,,,,,3/7/2021 0:43:28,3/7/2021 0:43:28
904,Grapploct,853,,,,,3/7/2021 0:43:28,3/7/2021 0:43:28
905,Sinistea,854,,,,,3/7/2021 0:43:28,3/7/2021 0:43:28
906,Polteageist,855,,,,,3/7/2021 0:43:28,3/7/2021 0:43:28
907,Hatenna,856,,,,,3/7/2021 0:43:28,3/7/2021 0:43:28
908,Hattrem,857,,,,,3/7/2021 0:43:28,3/7/2021 0:43:28
909,Hatterene,858,,,,,3/7/2021 0:43:28,3/7/2021 0:43:28
910,Impidimp,859,,,,,3/7/2021 0:43:28,3/7/2021 0:43:28
911,Morgrem,860,,,,,3/7/2021 0:43:28,3/7/2021 0:43:28
912,Grimmsnarl,861,,,,,3/7/2021 0:43:28,3/7/2021 0:43:28
913,Obstagoon,862,,,,,3/7/2021 0:43:28,3/7/2021 0:43:28
914,Perrserker,863,,,,,3/7/2021 0:43:28,3/7/2021 0:43:28
915,Cursola,864,,,,,3/7/2021 0:43:28,3/7/2021 0:43:28
916,Sirfetch'd,865,,http://play.pokemonshowdown.com/sprites/ani/sirfetchd.gif,,,3/7/2021 0:43:28,3/7/2021 0:43:28
917,Mr. Rime,866,,http://play.pokemonshowdown.com/sprites/ani/mrrime.gif,,,3/7/2021 0:43:28,3/7/2021 0:43:28
918,Runerigus,867,,,,,3/7/2021 0:43:28,3/7/2021 0:43:28
919,Milcery,868,,,,,3/7/2021 0:43:28,3/7/2021 0:43:28
920,Alcremie,869,,,,,3/7/2021 0:43:28,3/7/2021 0:43:28
921,Falinks,870,,,,,3/7/2021 0:43:28,3/7/2021 0:43:28
922,Pincurchin,871,,,,,3/7/2021 0:43:28,3/7/2021 0:43:28
923,Snom,872,,,,,3/7/2021 0:43:28,3/7/2021 0:43:28
924,Frosmoth,873,,,,,3/7/2021 0:43:28,3/7/2021 0:43:28
925,Stonjourner,874,,,,,3/7/2021 0:43:28,3/7/2021 0:43:28
926,Eiscue,875,,,,,3/7/2021 0:43:28,3/7/2021 0:43:28
927,Indeedee,876,,,,TRUE,3/7/2021 0:43:28,3/7/2021 0:43:28
928,Morpeko,877,,,,,3/7/2021 0:43:28,3/7/2021 0:43:28
929,Cufant,878,,,,,3/7/2021 0:43:28,3/7/2021 0:43:28
930,Copperajah,879,,,,,3/7/2021 0:43:28,3/7/2021 0:43:28
931,Dracozolt,880,,,,,3/7/2021 0:43:28,3/7/2021 0:43:28
932,Arctozolt,881,,,,,3/7/2021 0:43:28,3/7/2021 0:43:28
933,Dracovish,882,,,,,3/7/2021 0:43:28,3/7/2021 0:43:28
934,Arctovish,883,,,,,3/7/2021 0:43:28,3/7/2021 0:43:28
935,Duraludon,884,,,,,3/7/2021 0:43:28,3/7/2021 0:43:28
936,Dreepy,885,,,,,3/7/2021 0:43:28,3/7/2021 0:43:28
937,Drakloak,886,,,,,3/7/2021 0:43:28,3/7/2021 0:43:28
938,Dragapult,887,,,,,3/7/2021 0:43:28,3/7/2021 0:43:28
939,Zacian,888,,,,,3/7/2021 0:43:28,3/7/2021 0:43:28
940,Zamazanta,889,,,,,3/7/2021 0:43:28,3/7/2021 0:43:28
941,Eternatus,890,,,,,3/7/2021 0:43:28,3/7/2021 0:43:28
942,Kubfu,891,,,,,3/7/2021 0:43:28,3/7/2021 0:43:28
943,Urshifu,892,,,,,3/7/2021 0:43:28,3/7/2021 0:43:28
944,Zarude,893,,,,,3/7/2021 0:43:28,3/7/2021 0:43:28
945,Regieleki,894,,,,,3/7/2021 0:43:28,3/7/2021 0:43:28
946,Regidrago,895,,,,,3/7/2021 0:43:28,3/7/2021 0:43:28
947,Glastrier,896,,,,,3/7/2021 0:43:28,3/7/2021 0:43:28
948,Spectrier,897,,,,,3/7/2021 0:43:28,3/7/2021 0:43:28
949,Calyrex,898,,,,,3/7/2021 0:43:28,3/7/2021 0:43:28